{
  "epoch": [
    1,
    2,
    3,
    4,
    5,
    6,
    7,
    8,
    9,
    10,
    11,
    12
  ],
  "train_loss": [
    0.5850434119287334,
    0.31219427326073673,
    0.2776168518483171,
    0.25858988259735943,
    0.2502046114276182,
    0.24520677173959798,
    0.24122860903244478,
    0.23747804474169937,
    0.23521490797147798,
    0.23383572349487833,
    0.2315061924413323,
    0.23172766340766546
  ],
  "val_loss": [
    0.4997358822696218,
    0.37237998290398244,
    0.3518065564057995,
    0.3347376427915793,
    0.30877702538937,
    0.3222546345644273,
    0.3112053550412302,
    0.30221541816975406,
    0.305145432292516,
    0.30064600623484977,
    0.29122354342312506,
    0.2925195018709605
  ],
  "val_acc": [
    0.9437423562984101,
    0.9616795760293518,
    0.968609865470852,
    0.968609865470852,
    0.9771708112515287,
    0.9722788422339992,
    0.9714635140644109,
    0.9739094985731757,
    0.9739094985731757,
    0.9739094985731757,
    0.9755401549123522,
    0.9763554830819405
  ]
}